cafe|At the café|Food & drink|кофе~coffee~KO-fe;вода~water~va-DA;круассан~croissant~kroo-a-SAN;стол~table~stol;чашка~cup~CHASH-ka|Я хочу чашку кофе.|I would like a cup of coffee.|ya kha-CHOO CHASH-koo KO-fe
kitchen|In the kitchen|Home|холодильник~refrigerator~kha-la-DEEL-neek;плита~stove~plee-TA;раковина~sink~RA-ka-vee-na;чайник~kettle~CHAY-neek;тарелка~plate~ta-REL-ka|Чайник стоит на столе.|The kettle is on the table.|CHAY-neek sta-EET na sta-LE
bedroom|In the bedroom|Home|кровать~bed~kra-VAT;шкаф~wardrobe~shkaf;окно~window~ak-NO;подушка~pillow~pa-DOOSH-ka;одеяло~blanket~a-de-YA-la|Я хочу спать.|I want to sleep.|ya kha-CHOO spat
bathroom|In the bathroom|Home|ванна~bathtub~VAN-na;зеркало~mirror~ZER-ka-la;душ~shower~doosh;мыло~soap~MY-la;полотенце~towel~pa-la-TEN-tse|Где чистое полотенце?|Where is the clean towel?|gdye CHEES-ta-ye pa-la-TEN-tse
living-room|In the living room|Home|диван~sofa~dee-VAN;телевизор~television~te-le-VEE-zar;лампа~lamp~LAM-pa;кресло~armchair~KRES-la;ковёр~rug~ka-VYOR|Давай посмотрим фильм.|Let's watch a film.|da-VAY pa-SMOT-reem film
hallway|Coming home|Home|дверь~door~dvyer;вешалка~coat rack~VE-shal-ka;зонт~umbrella~zont;ключ~key~klyooch;обувь~footwear~O-boof|Где мои ключи?|Where are my keys?|gdye ma-EE klyoo-CHEE
laundry|Doing the laundry|Home|стиральная машина~washing machine~stee-RAL-na-ya ma-SHEE-na;корзина~basket~kar-ZEE-na;утюг~iron~oo-TYOOK;рубашка~shirt~roo-BASH-ka;носки~socks~nas-KEE|Мне нужна чистая рубашка.|I need a clean shirt.|mnye noozh-NA CHEES-ta-ya roo-BASH-ka
garden|In the garden|Outdoors|дерево~tree~DE-re-va;цветок~flower~tsve-TOK;забор~fence~za-BOR;лейка~watering can~LEY-ka;лопата~shovel~la-PA-ta|Я поливаю цветы.|I am watering the flowers.|ya pa-lee-VA-yoo tsve-TY
balcony|On the balcony|Home|балкон~balcony~bal-KON;перила~railing~pe-REE-la;горшок~plant pot~gar-SHOK;стул~chair~stool;растение~plant~ras-TE-nee-ye|На улице тепло.|It is warm outside.|na OO-lee-tse tep-LO
breakfast|Breakfast time|Food & drink|хлеб~bread~khlyep;молоко~milk~ma-la-KO;яйцо~egg~yay-TSO;сыр~cheese~syr;каша~porridge~KA-sha|Я ем кашу на завтрак.|I eat porridge for breakfast.|ya yem KA-shoo na ZAF-trak
bakery|At the bakery|Food & drink|булочка~bread roll~BOO-lach-ka;батон~loaf~ba-TON;печенье~biscuit~pe-CHEN-ye;пирог~pie~pee-ROK;торт~cake~tort|Этот хлеб свежий.|This bread is fresh.|E-tat khlyep SVE-zhee
market|At the market|Shopping|яблоко~apple~YA-bla-ka;банан~banana~ba-NAN;помидор~tomato~pa-mee-DOR;морковь~carrot~mar-KOF;картофель~potato~kar-TO-fel|Мне нужно два яблока.|I need two apples.|mnye NOOZH-na dva YA-bla-ka
supermarket|In the supermarket|Shopping|тележка~shopping trolley~te-LEZH-ka;касса~checkout~KAS-sa;полка~shelf~POL-ka;пакет~bag~pa-KET;бутылка~bottle~boo-TYL-ka|Где можно заплатить?|Where can I pay?|gdye MOZH-na za-pla-TEET
restaurant|At the restaurant|Food & drink|меню~menu~me-NYOO;суп~soup~soop;салат~salad~sa-LAT;вилка~fork~VEEL-ka;ложка~spoon~LOZH-ka|Принесите меню, пожалуйста.|Please bring the menu.|pree-ne-SEE-te me-NYOO pa-ZHA-loos-ta
picnic|Having a picnic|Outdoors|плед~picnic blanket~plet;бутерброд~sandwich~boo-ter-BROT;сок~juice~sok;виноград~grapes~vee-na-GRAT;салфетка~napkin~sal-FET-ka|Давай устроим пикник.|Let's have a picnic.|da-VAY oo-STRO-eem peek-NEEK
fruit-stall|Choosing fruit|Shopping|апельсин~orange~a-pel-SEEN;груша~pear~GROO-sha;лимон~lemon~lee-MON;арбуз~watermelon~ar-BOOS;клубника~strawberries~kloob-NEE-ka|Эта груша сладкая.|This pear is sweet.|E-ta GROO-sha SLAT-ka-ya
ice-cream|Buying ice cream|Food & drink|мороженое~ice cream~ma-RO-zhe-na-ye;рожок~cone~ra-ZHOK;шоколад~chocolate~sha-ka-LAT;ваниль~vanilla~va-NEEL;монета~coin~ma-NE-ta|Одно мороженое, пожалуйста.|One ice cream, please.|ad-NO ma-RO-zhe-na-ye pa-ZHA-loos-ta
bus-stop|At the bus stop|Travel|автобус~bus~af-TO-boos;остановка~bus stop~as-ta-NOF-ka;скамейка~bench~ska-MEY-ka;билет~ticket~bee-LET;рюкзак~backpack~ryook-ZAK|Когда придёт автобус?|When will the bus arrive?|kag-DA pree-DYOT af-TO-boos
train-station|At the train station|Travel|поезд~train~PO-yezt;платформа~platform~plat-FOR-ma;часы~clock~cha-SY;чемодан~suitcase~che-ma-DAN;рельсы~rails~REL-sy|Мне нужен билет до Москвы.|I need a ticket to Moscow.|mnye NOO-zhen bee-LET da mask-VY
airport|At the airport|Travel|самолёт~aeroplane~sa-ma-LYOT;паспорт~passport~PAS-part;багаж~luggage~ba-GASH;телефон~phone~te-le-FON;посадочный талон~boarding pass~pa-SA-dach-ny ta-LON|Где мой выход на посадку?|Where is my boarding gate?|gdye moy VY-khat na pa-SAT-koo
hotel|Checking into a hotel|Travel|стойка регистрации~reception desk~STOY-ka re-gees-TRA-tsee-ee;лифт~lift~leeft;колокольчик~bell~ka-la-KOL-cheek;карта~card~KAR-ta;ручка~pen~ROOCH-ka|У меня есть бронь.|I have a reservation.|oo me-NYA yest bron
street|Walking in town|Travel|улица~street~OO-lee-tsa;светофор~traffic light~sve-ta-FOR;переход~crossing~pe-re-KHOT;машина~car~ma-SHEE-na;велосипед~bicycle~ve-la-see-PET|Перейдите дорогу здесь.|Cross the road here.|pe-rey-DEE-te da-RO-goo zdyes
taxi|Taking a taxi|Travel|такси~taxi~tak-SEE;водитель~driver~va-DEE-tel;ремень~seat belt~re-MEN;сиденье~seat~see-DEN-ye;колесо~wheel~ka-le-SO|Отвезите меня в центр.|Take me to the city centre.|at-ve-ZEE-te me-NYA f tsentr
post-office|At the post office|Services|письмо~letter~pees-MO;конверт~envelope~kan-VERT;марка~stamp~MAR-ka;посылка~parcel~pa-SYL-ka;почтовый ящик~postbox~POCH-ta-vy YA-shcheek|Я хочу отправить посылку.|I want to send a parcel.|ya kha-CHOO at-PRA-veet pa-SYL-koo
pharmacy|At the pharmacy|Services|аптека~pharmacy~ap-TE-ka;лекарство~medicine~le-KAR-stva;пластырь~plaster~PLAS-tyr;бинт~bandage~beent;термометр~thermometer~ter-MO-metr|Мне нужен пластырь.|I need a plaster.|mnye NOO-zhen PLAS-tyr
clinic|At the clinic|Services|врач~doctor~vrach;стетоскоп~stethoscope~ste-ta-SKOP;кушетка~examination couch~koo-SHET-ka;маска~mask~MAS-ka;перчатки~gloves~per-CHAT-kee|Я хочу записаться к врачу.|I want to make a doctor's appointment.|ya kha-CHOO za-pee-SAT-sa k vra-CHOO
clothes-shop|In the clothes shop|Shopping|пальто~coat~pal-TO;платье~dress~PLAT-ye;куртка~jacket~KOORT-ka;брюки~trousers~BRYOO-kee;шарф~scarf~sharf|Можно примерить эту куртку?|May I try on this jacket?|MOZH-na pree-ME-reet E-too KOORT-koo
shoe-shop|Choosing shoes|Shopping|ботинки~boots~ba-TEEN-kee;кроссовки~trainers~kra-SOF-kee;сандалии~sandals~san-DA-lee-ee;коробка~box~ka-ROP-ka;шнурки~shoelaces~shnoor-KEE|Какой у вас размер?|What size are you?|ka-KOY oo vas raz-MER
bookshop|At the bookshop|Shopping|книга~book~KNEE-ga;журнал~magazine~zhoor-NAL;словарь~dictionary~sla-VAR;тетрадь~notebook~tet-RAT;закладка~bookmark~za-KLAT-ka|Я ищу русский словарь.|I am looking for a Russian dictionary.|ya ee-SHCHOO ROOS-kee sla-VAR
classroom|In the classroom|School & work|доска~blackboard~das-KA;парта~school desk~PAR-ta;учитель~teacher~oo-CHEE-tel;карандаш~pencil~ka-ran-DASH;линейка~ruler~lee-NEY-ka|Повторите, пожалуйста.|Please repeat that.|paf-ta-REE-te pa-ZHA-loos-ta
library|At the library|School & work|библиотека~library~beeb-lee-a-TE-ka;читатель~reader~chee-TA-tel;компьютер~computer~kam-PYOO-ter;книжная полка~bookshelf~KNEEZH-na-ya POL-ka;библиотечная карточка~library card~beeb-lee-a-TECH-na-ya KAR-tach-ka|Можно взять эту книгу?|May I borrow this book?|MOZH-na vzyat E-too KNEE-goo
office|At the office|School & work|принтер~printer~PREEN-ter;клавиатура~keyboard~kla-vee-a-TOO-ra;монитор~monitor~ma-nee-TOR;мышь~computer mouse~mysh;документ~document~da-koo-MENT|Я работаю за компьютером.|I work at a computer.|ya ra-BO-ta-yoo za kam-PYOO-te-ram
workshop|In the workshop|School & work|молоток~hammer~ma-la-TOK;пила~saw~pee-LA;отвёртка~screwdriver~at-VYORT-ka;гвоздь~nail~gvozd;дрель~drill~dryel|Мне нужен молоток.|I need a hammer.|mnye NOO-zhen ma-la-TOK
park|A walk in the park|Outdoors|парк~park~park;фонтан~fountain~fan-TAN;дорожка~path~da-ROZH-ka;собака~dog~sa-BA-ka;мяч~ball~myach|Давай погуляем в парке.|Let's go for a walk in the park.|da-VAY pa-goo-LYA-yem f PAR-ke
playground|At the playground|Outdoors|качели~swings~ka-CHE-lee;горка~slide~GOR-ka;песочница~sandpit~pe-SOCH-nee-tsa;ведро~bucket~ve-DRO;игрушка~toy~ee-GROOSH-ka|Дети играют на улице.|The children are playing outside.|DE-tee ee-GRA-yoot na OO-lee-tse
beach|At the beach|Outdoors|море~sea~MO-re;песок~sand~pe-SOK;ракушка~seashell~ra-KOOSH-ka;шезлонг~sun lounger~shez-LONG;солнцезащитные очки~sunglasses~SOLN-tse-za-shcheet-ny-ye ach-KEE|Я хочу купаться.|I want to go swimming.|ya kha-CHOO koo-PAT-sa
forest|In the forest|Outdoors|лес~forest~lyes;гриб~mushroom~greep;лист~leaf~leest;шишка~pine cone~SHEESH-ka;белка~squirrel~BEL-ka|Мы идём по лесу.|We are walking through the forest.|my ee-DYOM pa LE-soo
mountains|In the mountains|Outdoors|гора~mountain~ga-RA;камень~stone~KA-men;палатка~tent~pa-LAT-ka;компас~compass~KOM-pas;ботинок~boot~ba-TEE-nak|Мы поднимаемся в гору.|We are climbing the mountain.|my pad-nee-MA-yem-sa v GO-roo
farm|Visiting a farm|Animals|корова~cow~ka-RO-va;лошадь~horse~LO-shat;овца~sheep~af-TSA;курица~hen~KOO-ree-tsa;сено~hay~SE-na|На ферме живут животные.|Animals live on the farm.|na FER-me zhee-VOOT zhee-VOT-ny-ye
pet-shop|At the pet shop|Animals|кошка~cat~KOSH-ka;попугай~parrot~pa-poo-GAY;рыбка~small fish~RYP-ka;клетка~cage~KLET-ka;аквариум~aquarium~ak-VA-ree-oom|У меня есть кошка.|I have a cat.|oo me-NYA yest KOSH-ka
zoo|Visiting the zoo|Animals|слон~elephant~slon;жираф~giraffe~zhee-RAF;лев~lion~lyef;зебра~zebra~ZEB-ra;обезьяна~monkey~a-bez-YA-na|Посмотри на жирафа!|Look at the giraffe!|pas-ma-TREE na zhee-RA-fa
sports|At the sports centre|Leisure|ворота~goal~va-RO-ta;ракетка~racket~ra-KET-ka;гантель~dumbbell~gan-TEL;кроссовок~trainer~kra-SO-vak;свисток~whistle~svees-TOK|Я люблю играть в футбол.|I like playing football.|ya lyoo-BLYOO ee-GRAT f foot-BOL
pool|At the swimming pool|Leisure|бассейн~swimming pool~ba-SEYN;лестница~ladder~LEST-nee-tsa;купальник~swimsuit~koo-PAL-neek;шапочка~swimming cap~SHA-pach-ka;очки для плавания~swimming goggles~ach-KEE dlya PLA-va-nee-ya|Вода в бассейне тёплая.|The pool water is warm.|va-DA v ba-SEY-ne TYOP-la-ya
cinema|Going to the cinema|Leisure|экран~screen~ek-RAN;попкорн~popcorn~pap-KORN;афиша~poster~a-FEE-sha;стакан~drinking glass~sta-KAN;кресло~seat~KRES-la|Когда начинается фильм?|When does the film start?|kag-DA na-chee-NA-yet-sa film
museum|At the museum|Leisure|картина~painting~kar-TEE-na;скульптура~sculpture~skoolp-TOO-ra;ваза~vase~VA-za;витрина~display case~veet-REE-na;рамка~frame~RAM-ka|Эта картина очень красивая.|This painting is very beautiful.|E-ta kar-TEE-na O-chen kra-SEE-va-ya
music|Making music|Leisure|гитара~guitar~gee-TA-ra;пианино~piano~pee-a-NEE-na;барабан~drum~ba-ra-BAN;скрипка~violin~SKREEP-ka;ноты~sheet music~NO-ty|Я учусь играть на гитаре.|I am learning to play the guitar.|ya oo-CHOOS ee-GRAT na gee-TA-re
birthday|A birthday party|People & events|свеча~candle~sve-CHA;подарок~present~pa-DA-rak;воздушный шар~balloon~vaz-DOOSH-ny shar;лента~ribbon~LEN-ta;открытка~greeting card~at-KRYT-ka|С днём рождения!|Happy birthday!|z dnyom razh-DE-nee-ya
family-table|Dinner with family|People & events|мама~mum~MA-ma;папа~dad~PA-pa;бабушка~grandmother~BA-boosh-ka;дедушка~grandfather~DE-doosh-ka;ребёнок~child~re-BYO-nak|Это моя семья.|This is my family.|E-ta ma-YA sem-YA
snow-day|A snowy day|Weather|снег~snow~snyek;снеговик~snowman~sne-ga-VEEK;санки~sledge~SAN-kee;варежки~mittens~VA-rezh-kee;снежинка~snowflake~sne-ZHEEN-ka|Сегодня идёт снег.|It is snowing today.|se-VOD-nya ee-DYOT snyek
rainy-day|A rainy day|Weather|дождь~rain~dosht;лужа~puddle~LOO-zha;сапоги~rain boots~sa-pa-GEE;плащ~raincoat~plashch;облако~cloud~O-bla-ka|Возьми зонт с собой.|Take an umbrella with you.|vaz-MEE zont s sa-BOY
